name;place;lastname;firstname;birthyear;nation;club;points;comment
Classement Dames;1;GAILLARD;Lina;1958;FRA;AS CÔTE-ÉCUME;1274 Pts;
Classement Dames;2;MOREAU;Odile;1954;FRA;AS MONT-PLONGEON;1218 Pts;
Classement Dames;3;WEBER;Thérèse;1969;FRA;CN EXEMPLE-SUR-MER;1168 Pts;
Classement Dames;4;AUBRY;Eugénie;1958;FRA;SN GRAND-LARGE;1150 Pts;
Classement Dames;5;MENARD;Juliette;1967;FRA;AS CÔTE-ÉCUME;1133 Pts;
Classement Dames;6;GILLET;Emma;1981;FRA;AS CÔTE-ÉCUME;1103 Pts;
Classement Dames;7;WEBER;Gabrielle;1956;FRA;SN GRAND-LARGE;1084 Pts;
Classement Dames;8;VASSEUR;Martine;1992;FRA;EN VAL-FICTIF;1070 Pts;
Classement Dames;9;MEUNIER;Ambre;1997;FRA;ES BASSIN-NEUF;1063 Pts;
Classement Dames;10;MALLET;Odile;1960;FRA;SN GRAND-LARGE;1039 Pts;
Classement Dames;11;GIRARD;Margaux;1987;FRA;AS MARAIS-SALANT-FICTIF;1027 Pts;
Classement Dames;12;BOULANGER;Odile;1973;FRA;ES BASSIN-NEUF;1004 Pts;
Classement Dames;13;BLANCHARD;Inès;1991;FRA;AS CHERBOURG NATATION;974 Pts;
Classement Dames;14;BRUN;Albane;1964;FRA;EN LES BAINS-FICTIFS;957 Pts;
Classement Dames;15;LEMAIRE;Rose;1948;FRA;ES SAINT-GLOUGLOU;944 Pts;
Classement Dames;16;LEROUX;Chloé;1997;FRA;AS MONT-PLONGEON;940 Pts;
Classement Dames;17;PREVOST;Madeleine;1955;FRA;AS MONT-PLONGEON;933 Pts;
Classement Dames;17;DUMONT;Margaux;1980;FRA;ES BOIS-DAUPHIN;933 Pts;
Classement Dames;19;DUFOUR;Gabrielle;1990;FRA;AS CÔTE-ÉCUME;932 Pts;
Classement Dames;20;ADAM;Jeanne;1977;FRA;AS MONT-PLONGEON;924 Pts;
Classement Dames;21;GIRAUD;Anouk;1996;FRA;SN GOLFE-IMAGINAIRE;918 Pts;
Classement Dames;22;LECLERC;Alice;1965;FRA;SN GRAND-LARGE;916 Pts;
Classement Dames;23;MAILLARD;Colette;1970;FRA;CS RIVIÈRE-CALME;908 Pts;
Classement Dames;24;PICARD;Agathe;1977;FRA;SN GOLFE-IMAGINAIRE;905 Pts;
Classement Dames;25;WEBER;Pénélope;1988;FRA;CS CLAIRVAGUE;900 Pts;
Classement Dames;26;HUET;Martine;1971;FRA;EN ÎLE-FICTIVE;896 Pts;
Classement Dames;27;PERRIN;Jade;1987;FRA;AS MONT-PLONGEON;889 Pts;
Classement Dames;28;LEROUX;Cécile;1984;FRA;CS CLAIRVAGUE;882 Pts;
Classement Dames;29;PASQUIER;Isabelle;1997;FRA;AS MONT-PLONGEON;876 Pts;
Classement Dames;30;GIRAUD;Mathilde;1960;FRA;SN DUNE-BLANCHE;872 Pts;
Classement Dames;31;JOLY;Anouk;1977;FRA;EN LES BAINS-FICTIFS;862 Pts;
Classement Dames;32;ROLLAND;Jeanne;1964;FRA;CS PRÉ-BASSIN;855 Pts;
Classement Dames;33;PERRIN;Anouk;1997;FRA;ES BASSIN-NEUF;840 Pts;
Classement Dames;34;JOLY;Manon;1947;FRA;CN ÉCLUSE-NEUVE;839 Pts;
Classement Dames;35;MOULIN;Hortense;1977;FRA;AS MONT-PLONGEON;834 Pts;
Classement Dames;36;BARRE;Yvette;1992;FRA;CS PRÉ-BASSIN;827 Pts;
Classement Dames;37;MONNIER;Louise;1994;FRA;ES BASSIN-NEUF;826 Pts;
Classement Dames;38;MONNIER;Amandine;1987;FRA;AS MONT-PLONGEON;825 Pts;
Classement Dames;39;GAUTIER;Isabelle;1998;FRA;ES BASSIN-NEUF;817 Pts;
Classement Dames;40;DUMONT;Joséphine;1981;FRA;AS MONT-PLONGEON;810 Pts;
Classement Dames;40;DUPUY;Flora;1973;FRA;SN GRAND-LARGE;810 Pts;
Classement Dames;42;CLEMENT;Amandine;1965;FRA;ES BASSIN-NEUF;808 Pts;
Classement Dames;43;HAMON;Madeleine;1979;FRA;CS PRÉ-BASSIN;805 Pts;
Classement Dames;44;CHEVALIER;Bérénice;1991;FRA;ES BOIS-DAUPHIN;804 Pts;
Classement Dames;45;GAUTIER;Gabrielle;1971;FRA;CS CLAIRVAGUE;803 Pts;
Classement Dames;45;LEBLANC;Alice;1983;FRA;AS CHERBOURG NATATION;803 Pts;
Classement Dames;47;MERCIER;Jeanne;1979;FRA;CS PRÉ-BASSIN;800 Pts;
Classement Dames;48;GAILLARD;Inès;1985;FRA;US CAP-CRAWL;773 Pts;
Classement Dames;49;FLEURY;Isabelle;1988;FRA;ES BOIS-DAUPHIN;765 Pts;
Classement Dames;50;LAMY;Alice;1960;FRA;SN GOLFE-IMAGINAIRE;749 Pts;
Classement Dames;51;LEMAIRE;Diane;1967;FRA;EN RADE-FICTIVE;722 Pts;
Classement Dames;52;ROYER;Joséphine;1988;FRA;EN LES BAINS-FICTIFS;721 Pts;
Classement Dames;53;COUSIN;Juliette;1964;FRA;AS CHERBOURG NATATION;714 Pts;
Classement Dames;54;REYNAUD;Thérèse;1985;FRA;AS MARAIS-SALANT-FICTIF;697 Pts;
Classement Dames;55;HAMON;Manon;1968;FRA;AS BELLE-BRASSE;687 Pts;
Classement Dames;56;LACROIX;Juliette;1992;FRA;AS MARAIS-SALANT-FICTIF;675 Pts;
Classement Dames;57;LANGLOIS;Madeleine;1961;FRA;CS CLAIRVAGUE;673 Pts;
Classement Dames;58;BERGER;Pénélope;1980;FRA;AS MONT-PLONGEON;668 Pts;
Classement Dames;59;GIRAUD;Inès;1986;FRA;EN LES BAINS-FICTIFS;665 Pts;
Classement Dames;60;FAURE;Solène;1983;FRA;CS PRÉ-BASSIN;664 Pts;
Classement Dames;61;HUMBERT;Joséphine;1953;FRA;AS CHERBOURG NATATION;662 Pts;
Classement Dames;62;MEUNIER;Diane;1967;FRA;CN RUISSEAU-CLAIR;652 Pts;
Classement Dames;63;CARON;Alice;1961;FRA;CS CLAIRVAGUE;645 Pts;
Classement Dames;64;GILBERT;Victoire;1981;FRA;EN LES BAINS-FICTIFS;643 Pts;
Classement Dames;65;MASSON;Célia;1998;FRA;ES BASSIN-NEUF;629 Pts;
Classement Dames;66;RIVIERE;Anouk;1963;FRA;CS RIVIÈRE-CALME;628 Pts;
Classement Dames;67;FAURE;Gabrielle;1962;FRA;CS CLAIRVAGUE;618 Pts;
Classement Dames;68;LEJEUNE;Louise;1976;FRA;CS CLAIRVAGUE;617 Pts;
Classement Dames;69;LEMAIRE;Flora;1966;FRA;CS PRÉ-BASSIN;609 Pts;
Classement Dames;70;LACROIX;Mathilde;1961;FRA;CS CLAIRVAGUE;595 Pts;
Classement Dames;71;REYNAUD;Agathe;1958;FRA;AS CHERBOURG NATATION;589 Pts;
Classement Dames;72;GAUTIER;Eugénie;1974;FRA;AS MONT-PLONGEON;578 Pts;
Classement Dames;73;PASQUIER;Salomé;1994;FRA;AS CHERBOURG NATATION;515 Pts;
Classement Dames;74;JACQUET;Diane;1989;FRA;AS CHERBOURG NATATION;496 Pts;
Classement Dames;74;BARBIER;Agathe;1960;FRA;CS PRÉ-BASSIN;496 Pts;
Classement Dames;76;DUPUY;Eugénie;1947;FRA;CS PRÉ-BASSIN;494 Pts;
Classement Dames;77;LEBLANC;Suzanne;1963;FRA;ES BOIS-DAUPHIN;474 Pts;
Classement Dames;78;PICHON;Chloé;1992;FRA;AS CHERBOURG NATATION;472 Pts;
Classement Dames;79;CARRE;Manon;1961;FRA;EN LES BAINS-FICTIFS;452 Pts;
Classement Dames;80;MARCHAL;Isabelle;1964;FRA;AS CHERBOURG NATATION;438 Pts;
Classement Dames;81;REYNAUD;Martine;1962;FRA;AS MONT-PLONGEON;436 Pts;
Classement Dames;82;PERROT;Yvette;1976;FRA;US SAINT-PLOUF;425 Pts;
Classement Dames;83;PASQUIER;Pénélope;1958;FRA;CS CLAIRVAGUE;415 Pts;
Classement Dames;84;VIDAL;Flora;1992;FRA;EN LES BAINS-FICTIFS;411 Pts;
Classement Dames;85;BRETON;Danielle;1966;FRA;AS CHERBOURG NATATION;382 Pts;
Classement Dames;86;HUMBERT;Alice;1982;FRA;AS MARAIS-SALANT-FICTIF;347 Pts;
Classement Dames;87;BOULANGER;Flora;1995;FRA;AS BELLE-BRASSE;341 Pts;
Classement Dames;88;HUMBERT;Inès;1977;FRA;AS CHERBOURG NATATION;326 Pts;
Classement Dames;89;CARRE;Capucine;1977;FRA;CS CLAIRVAGUE;305 Pts;
Classement Dames;90;GAILLARD;Gabrielle;1973;FRA;AS MONT-PLONGEON;209 Pts;
Classement Messieurs;1;DUVAL;Raymond;1965;FRA;SN GRAND-LARGE;1175 Pts;
Classement Messieurs;2;LECLERC;Albert;1967;FRA;AS CÔTE-ÉCUME;1166 Pts;
Classement Messieurs;3;FLEURY;Yann;1962;FRA;AS CÔTE-ÉCUME;1165 Pts;
Classement Messieurs;4;DELAUNAY;Tristan;1987;FRA;ES BASSIN-NEUF;1147 Pts;
Classement Messieurs;5;MARCHAL;Mathis;1972;FRA;CS PRÉ-BASSIN;1089 Pts;
Classement Messieurs;6;MAILLARD;Victor;1966;FRA;CN RUISSEAU-CLAIR;1088 Pts;
Classement Messieurs;7;DUFOUR;Victor;1967;FRA;CN RUISSEAU-CLAIR;1083 Pts;
Classement Messieurs;8;JOLY;Albert;1992;MLI;CS FONTAINE-PAPILLON;1077 Pts;
Classement Messieurs;9;GIRAUD;Damien;1982;FRA;CS PRÉ-BASSIN;1075 Pts;
Classement Messieurs;10;GAILLARD;Armand;1938;FRA;ES GRÈVE-DOUCE;1069 Pts;
Classement Messieurs;11;DURAND;Mathis;1980;FRA;AS MONT-PLONGEON;1062 Pts;
Classement Messieurs;12;BRUN;Jacques;1962;FRA;EN ÎLE-FICTIVE;1060 Pts;
Classement Messieurs;13;HAMON;Zacharie;1979;FRA;AS CÔTE-ÉCUME;1052 Pts;
Classement Messieurs;14;MONNIER;Zacharie;1984;FRA;AS CÔTE-ÉCUME;1048 Pts;
Classement Messieurs;15;ADAM;Gérard;1973;FRA;CN ÉCLUSE-NEUVE;1033 Pts;
Classement Messieurs;16;MARCHAL;Bertrand;1969;FRA;CS PRÉ-BASSIN;1032 Pts;
Classement Messieurs;17;BARBIER;Roger;1974;FRA;EN LES BAINS-FICTIFS;1031 Pts;
Classement Messieurs;18;LEGER;Damien;1943;FRA;CS PRÉ-BASSIN;1010 Pts;
Classement Messieurs;19;JACOB;Gérard;1973;FRA;EN PONT-GALET;1004 Pts;
Classement Messieurs;20;COLLET;Bertrand;1989;FRA;ES BASSIN-NEUF;1003 Pts;
Classement Messieurs;21;MICHAUD;Zacharie;1959;FRA;CS PRÉ-BASSIN;995 Pts;
Classement Messieurs;22;GAILLARD;William;1986;FRA;AS CÔTE-ÉCUME;992 Pts;
Classement Messieurs;23;AUBERT;Joseph;1991;FRA;US VAL-REMOUS;986 Pts;
Classement Messieurs;24;WEBER;Félix;1995;FRA;AS MONT-PLONGEON;985 Pts;
Classement Messieurs;25;BOUCHET;Octave;1993;FRA;CN ÉCLUSE-NEUVE;983 Pts;
Classement Messieurs;26;GERMAIN;Roger;1970;FRA;AS CHERBOURG NATATION;982 Pts;
Classement Messieurs;27;ROCHE;Louis;1969;FRA;CN RUISSEAU-CLAIR;979 Pts;
Classement Messieurs;28;BARON;Valentin;1979;FRA;AS BAIE-DES-PHOQUES;978 Pts;
Classement Messieurs;29;CARON;Victor;1958;FRA;AS CÔTE-ÉCUME;975 Pts;
Classement Messieurs;30;DURAND;Bastien;1999;FRA;ES BASSIN-NEUF;974 Pts;
Classement Messieurs;31;MALLET;Albert;1959;FRA;CN MAREVAL;968 Pts;
Classement Messieurs;32;LECLERC;René;1958;FRA;CN RUISSEAU-CLAIR;956 Pts;
Classement Messieurs;33;BAILLY;Vincent;1967;FRA;AS CHERBOURG NATATION;952 Pts;
Classement Messieurs;34;LEGER;Adrien;1999;FRA;AS MONT-PLONGEON;949 Pts;
Classement Messieurs;35;ROCHE;Bertrand;1973;FRA;AS CÔTE-ÉCUME;948 Pts;
Classement Messieurs;36;GILLET;Armand;1954;FRA;CS PRÉ-BASSIN;947 Pts;
Classement Messieurs;37;GIRARD;Samuel;1976;FRA;AS MONT-PLONGEON;941 Pts;
Classement Messieurs;37;PERROT;Henri;1967;FRA;ES BASSIN-NEUF;941 Pts;
Classement Messieurs;39;COLLET;Amaury;1967;FRA;AS MONT-PLONGEON;939 Pts;
Classement Messieurs;40;BERGER;Tristan;1964;FRA;SN GOLFE-IMAGINAIRE;934 Pts;
Classement Messieurs;41;MENARD;Denis;1986;FRA;EN LES BAINS-FICTIFS;932 Pts;
Classement Messieurs;42;MOULIN;Martin;1971;FRA;AS CÔTE-ÉCUME;931 Pts;
Classement Messieurs;43;BOUCHET;Vincent;1979;FRA;AS CHERBOURG NATATION;929 Pts;
Classement Messieurs;44;CLEMENT;Bastien;1965;FRA;EN LES BAINS-FICTIFS;928 Pts;
Classement Messieurs;45;FABRE;Félix;1969;FRA;AS CÔTE-ÉCUME;925 Pts;
Classement Messieurs;45;PERRIN;Henri;1965;FRA;AS CÔTE-ÉCUME;925 Pts;
Classement Messieurs;47;FAURE;Basile;1969;FRA;ES BOIS-DAUPHIN;922 Pts;
Classement Messieurs;48;MOREL;Basile;1975;FRA;AS MONT-PLONGEON;914 Pts;
Classement Messieurs;49;FONTAINE;Gustave;1954;FRA;ES GRÈVE-DOUCE;908 Pts;
Classement Messieurs;50;CORDIER;Albert;1958;FRA;ES BOIS-DAUPHIN;899 Pts;
Classement Messieurs;51;MOREL;Hervé;1993;FRA;AS CHERBOURG NATATION;898 Pts;
Classement Messieurs;52;HUBERT;Gauthier;1990;FRA;AS CHERBOURG NATATION;897 Pts;
Classement Messieurs;53;CHAUVIN;Gauthier;1959;FRA;ES BASSIN-NEUF;888 Pts;
Classement Messieurs;53;BRUNET;Tristan;1964;FRA;AS CHERBOURG NATATION;888 Pts;
Classement Messieurs;55;BOURGEOIS;Jules;1996;FRA;SN DUNE-BLANCHE;881 Pts;
Classement Messieurs;56;LECLERC;Gauthier;1996;FRA;ES BASSIN-NEUF;880 Pts;
Classement Messieurs;57;FLEURY;Albert;1993;FRA;AS CHERBOURG NATATION;877 Pts;
Classement Messieurs;58;LECOMTE;Zacharie;1979;FRA;EN LES BAINS-FICTIFS;873 Pts;
Classement Messieurs;59;RIVIERE;Jules;1990;FRA;AS CHERBOURG NATATION;872 Pts;
Classement Messieurs;60;CHAUVIN;Émile;1946;FRA;ES SAINT-GLOUGLOU;869 Pts;
Classement Messieurs;61;LAMY;Édouard;1945;FRA;SN LAC-TRANQUILLE;853 Pts;
Classement Messieurs;62;LEMAIRE;Benjamin;1996;FRA;EN PORT-MARÉE;852 Pts;
Classement Messieurs;63;GAUTIER;Martin;1941;FRA;ES BOIS-DAUPHIN;847 Pts;
Classement Messieurs;64;ADAM;Marcel;1963;FRA;AS CHERBOURG NATATION;845 Pts;
Classement Messieurs;64;GAILLARD;Léon;1945;FRA;AS CÔTE-ÉCUME;845 Pts;
Classement Messieurs;66;GERMAIN;Armand;1992;FRA;CS PRÉ-BASSIN;843 Pts;
Classement Messieurs;67;JACQUET;Noël;1966;FRA;ES GRÈVE-DOUCE;842 Pts;
Classement Messieurs;68;LEROUX;Gérard;1944;FRA;ES BOIS-DAUPHIN;841 Pts;
Classement Messieurs;69;BLANCHARD;William;1988;FRA;AS BELLE-BRASSE;834 Pts;
Classement Messieurs;70;FONTAINE;Raphaël;1971;FRA;AS CÔTE-ÉCUME;832 Pts;
Classement Messieurs;71;BLANCHARD;Marcel;1965;FRA;SN GRAND-LARGE;824 Pts;
Classement Messieurs;72;BARBIER;Amaury;1999;FRA;ES BOIS-DAUPHIN;818 Pts;
Classement Messieurs;73;LAMY;Martin;1982;FRA;AS MARAIS-SALANT-FICTIF;810 Pts;
Classement Messieurs;74;GAUTIER;Hervé;1964;FRA;AS CHERBOURG NATATION;808 Pts;
Classement Messieurs;75;DUVAL;Étienne;1965;FRA;US PLAGE-FICTIVE;803 Pts;
Classement Messieurs;76;POULAIN;Martin;1972;FRA;US PHARE-SUR-VAGUE;802 Pts;
Classement Messieurs;77;BRETON;Léon;1967;FRA;ES BOIS-DAUPHIN;798 Pts;
Classement Messieurs;78;RENAUD;Bastien;1967;FRA;AS MONT-PLONGEON;786 Pts;
Classement Messieurs;79;CHEVALIER;Bertrand;1996;FRA;EN LES BAINS-FICTIFS;769 Pts;
Classement Messieurs;80;PERRIN;Valentin;1984;FRA;EN LES BAINS-FICTIFS;760 Pts;
Classement Messieurs;81;JOLY;Valentin;1973;FRA;AS CÔTE-ÉCUME;719 Pts;
Classement Messieurs;82;BARRE;Tristan;1962;FRA;ES BOIS-DAUPHIN;715 Pts;
Classement Messieurs;83;PREVOST;Simon;1992;FRA;CN MAREVAL;713 Pts;
Classement Messieurs;84;GILLET;Mathis;1996;FRA;AS CHERBOURG NATATION;704 Pts;
Classement Messieurs;85;CARPENTIER;Gauthier;1955;FRA;SN ANSE-BLEUE;697 Pts;
Classement Messieurs;86;RIVIERE;Tristan;1964;FRA;CS PRÉ-BASSIN;693 Pts;
Classement Messieurs;87;FABRE;William;1986;FRA;EN PONT-GALET;691 Pts;
Classement Messieurs;88;FONTAINE;Paul;1976;FRA;ES BASSIN-NEUF;674 Pts;
Classement Messieurs;88;PERROT;Tristan;1955;FRA;CS CLAIRVAGUE;674 Pts;
Classement Messieurs;90;WEBER;Zacharie;1966;FRA;AS MONT-PLONGEON;673 Pts;
Classement Messieurs;91;MILLET;Léon;1974;FRA;CS FONTAINE-PAPILLON;672 Pts;
Classement Messieurs;92;MENARD;Fernand;1976;FRA;US SAINT-PLOUF;669 Pts;
Classement Messieurs;93;GUYOT;Jules;1992;FRA;US SAINT-PLOUF;668 Pts;
Classement Messieurs;94;CORDIER;Denis;1960;FRA;CN HAUTE-VAGUE;658 Pts;
Classement Messieurs;95;GIRARD;Yann;1946;FRA;US POINTE-CORAIL;656 Pts;
Classement Messieurs;96;ADAM;Louis;1969;FRA;EN LES BAINS-FICTIFS;655 Pts;
Classement Messieurs;97;BARBIER;Benjamin;1965;FRA;SN GRAND-LARGE;652 Pts;
Classement Messieurs;98;LEROUX;Martin;1984;FRA;AS CHERBOURG NATATION;639 Pts;
Classement Messieurs;99;RENAUD;Samuel;1988;FRA;ES BASSIN-NEUF;630 Pts;
Classement Messieurs;99;GUILLOT;Pascal;1981;FRA;EN LES BAINS-FICTIFS;630 Pts;
Classement Messieurs;101;DUFOUR;Armand;1957;FRA;AS CHERBOURG NATATION;624 Pts;
Classement Messieurs;102;BERTIN;Marcel;1971;FRA;ES ROCHE-ÉCUME;623 Pts;
Classement Messieurs;102;HUMBERT;Charles;1987;FRA;AS CÔTE-ÉCUME;623 Pts;
Classement Messieurs;104;BARON;Gustave;1985;FRA;CS FONTAINE-PAPILLON;618 Pts;
Classement Messieurs;105;GARNIER;Yann;1963;FRA;CS PRÉ-BASSIN;608 Pts;
Classement Messieurs;106;GUICHARD;Adrien;1979;FRA;ES BOIS-DAUPHIN;595 Pts;
Classement Messieurs;107;GUILLOT;Mathis;1985;FRA;CS FONTAINE-PAPILLON;587 Pts;
Classement Messieurs;108;BOURGEOIS;Amaury;1971;FRA;AS CHERBOURG NATATION;586 Pts;
Classement Messieurs;109;JOLY;Gustave;1988;FRA;AS MARAIS-SALANT-FICTIF;567 Pts;
Classement Messieurs;110;REYNAUD;Gaspard;1959;FRA;CS VILLE-EXEMPLE;561 Pts;
Classement Messieurs;111;LANGLOIS;Paul;1964;FRA;AS BELLE-BRASSE;553 Pts;
Classement Messieurs;112;GILLET;Augustin;1981;FRA;CS PRÉ-BASSIN;530 Pts;
Classement Messieurs;113;PERRET;Louis;1980;FRA;CS PRÉ-BASSIN;521 Pts;
Classement Messieurs;114;CARON;Émile;1972;FRA;AS MONT-PLONGEON;510 Pts;
Classement Messieurs;115;FONTAINE;Pascal;1966;FRA;AS CHERBOURG NATATION;501 Pts;
Classement Messieurs;116;BOYER;Félix;1974;FRA;AS CHERBOURG NATATION;496 Pts;
Classement Messieurs;117;DELAUNAY;Damien;1997;FRA;AS CHERBOURG NATATION;288 Pts;
Classement Messieurs;118;BARRE;Cyril;1975;FRA;US CAP-CRAWL;272 Pts;
Classement Messieurs;119;MALLET;Raphaël;1959;FRA;AS CHERBOURG NATATION;233 Pts;
Classement Messieurs;120;CARON;Adrien;1973;FRA;EN VAL-FICTIF;133 Pts;
Classement Messieurs;121;FAURE;Valentin;1955;FRA;AS CHERBOURG NATATION;46 Pts;
Classement Mixte;1;GAILLARD;Lina;1958;FRA;AS CÔTE-ÉCUME;1274 Pts;
Classement Mixte;2;MOREAU;Odile;1954;FRA;AS MONT-PLONGEON;1218 Pts;
Classement Mixte;3;DUVAL;Raymond;1965;FRA;SN GRAND-LARGE;1175 Pts;
Classement Mixte;4;WEBER;Thérèse;1969;FRA;CN EXEMPLE-SUR-MER;1168 Pts;
Classement Mixte;5;LECLERC;Albert;1967;FRA;AS CÔTE-ÉCUME;1166 Pts;
Classement Mixte;6;FLEURY;Yann;1962;FRA;AS CÔTE-ÉCUME;1165 Pts;
Classement Mixte;7;AUBRY;Eugénie;1958;FRA;SN GRAND-LARGE;1150 Pts;
Classement Mixte;8;DELAUNAY;Tristan;1987;FRA;ES BASSIN-NEUF;1147 Pts;
Classement Mixte;9;MENARD;Juliette;1967;FRA;AS CÔTE-ÉCUME;1133 Pts;
Classement Mixte;10;GILLET;Emma;1981;FRA;AS CÔTE-ÉCUME;1103 Pts;
Classement Mixte;11;MARCHAL;Mathis;1972;FRA;CS PRÉ-BASSIN;1089 Pts;
Classement Mixte;12;MAILLARD;Victor;1966;FRA;CN RUISSEAU-CLAIR;1088 Pts;
Classement Mixte;13;WEBER;Gabrielle;1956;FRA;SN GRAND-LARGE;1084 Pts;
Classement Mixte;14;DUFOUR;Victor;1967;FRA;CN RUISSEAU-CLAIR;1083 Pts;
Classement Mixte;15;JOLY;Albert;1992;MLI;CS FONTAINE-PAPILLON;1077 Pts;
Classement Mixte;16;GIRAUD;Damien;1982;FRA;CS PRÉ-BASSIN;1075 Pts;
Classement Mixte;17;VASSEUR;Martine;1992;FRA;EN VAL-FICTIF;1070 Pts;
Classement Mixte;18;GAILLARD;Armand;1938;FRA;ES GRÈVE-DOUCE;1069 Pts;
Classement Mixte;19;MEUNIER;Ambre;1997;FRA;ES BASSIN-NEUF;1063 Pts;
Classement Mixte;20;DURAND;Mathis;1980;FRA;AS MONT-PLONGEON;1062 Pts;
Classement Mixte;21;BRUN;Jacques;1962;FRA;EN ÎLE-FICTIVE;1060 Pts;
Classement Mixte;22;HAMON;Zacharie;1979;FRA;AS CÔTE-ÉCUME;1052 Pts;
Classement Mixte;23;MONNIER;Zacharie;1984;FRA;AS CÔTE-ÉCUME;1048 Pts;
Classement Mixte;24;MALLET;Odile;1960;FRA;SN GRAND-LARGE;1039 Pts;
Classement Mixte;25;ADAM;Gérard;1973;FRA;CN ÉCLUSE-NEUVE;1033 Pts;
Classement Mixte;26;MARCHAL;Bertrand;1969;FRA;CS PRÉ-BASSIN;1032 Pts;
Classement Mixte;27;BARBIER;Roger;1974;FRA;EN LES BAINS-FICTIFS;1031 Pts;
Classement Mixte;28;GIRARD;Margaux;1987;FRA;AS MARAIS-SALANT-FICTIF;1027 Pts;
Classement Mixte;29;LEGER;Damien;1943;FRA;CS PRÉ-BASSIN;1010 Pts;
Classement Mixte;30;JACOB;Gérard;1973;FRA;EN PONT-GALET;1004 Pts;
Classement Mixte;30;BOULANGER;Odile;1973;FRA;ES BASSIN-NEUF;1004 Pts;
Classement Mixte;32;COLLET;Bertrand;1989;FRA;ES BASSIN-NEUF;1003 Pts;
Classement Mixte;33;MICHAUD;Zacharie;1959;FRA;CS PRÉ-BASSIN;995 Pts;
Classement Mixte;34;GAILLARD;William;1986;FRA;AS CÔTE-ÉCUME;992 Pts;
Classement Mixte;35;AUBERT;Joseph;1991;FRA;US VAL-REMOUS;986 Pts;
Classement Mixte;36;WEBER;Félix;1995;FRA;AS MONT-PLONGEON;985 Pts;
Classement Mixte;37;BOUCHET;Octave;1993;FRA;CN ÉCLUSE-NEUVE;983 Pts;
Classement Mixte;38;GERMAIN;Roger;1970;FRA;AS CHERBOURG NATATION;982 Pts;
Classement Mixte;39;ROCHE;Louis;1969;FRA;CN RUISSEAU-CLAIR;979 Pts;
Classement Mixte;40;BARON;Valentin;1979;FRA;AS BAIE-DES-PHOQUES;978 Pts;
Classement Mixte;41;CARON;Victor;1958;FRA;AS CÔTE-ÉCUME;975 Pts;
Classement Mixte;42;BLANCHARD;Inès;1991;FRA;AS CHERBOURG NATATION;974 Pts;
Classement Mixte;42;DURAND;Bastien;1999;FRA;ES BASSIN-NEUF;974 Pts;
Classement Mixte;44;MALLET;Albert;1959;FRA;CN MAREVAL;968 Pts;
Classement Mixte;45;BRUN;Albane;1964;FRA;EN LES BAINS-FICTIFS;957 Pts;
Classement Mixte;46;LECLERC;René;1958;FRA;CN RUISSEAU-CLAIR;956 Pts;
Classement Mixte;47;BAILLY;Vincent;1967;FRA;AS CHERBOURG NATATION;952 Pts;
Classement Mixte;48;LEGER;Adrien;1999;FRA;AS MONT-PLONGEON;949 Pts;
Classement Mixte;49;ROCHE;Bertrand;1973;FRA;AS CÔTE-ÉCUME;948 Pts;
Classement Mixte;50;GILLET;Armand;1954;FRA;CS PRÉ-BASSIN;947 Pts;
Classement Mixte;51;LEMAIRE;Rose;1948;FRA;ES SAINT-GLOUGLOU;944 Pts;
Classement Mixte;52;GIRARD;Samuel;1976;FRA;AS MONT-PLONGEON;941 Pts;
Classement Mixte;52;PERROT;Henri;1967;FRA;ES BASSIN-NEUF;941 Pts;
Classement Mixte;54;LEROUX;Chloé;1997;FRA;AS MONT-PLONGEON;940 Pts;
Classement Mixte;55;COLLET;Amaury;1967;FRA;AS MONT-PLONGEON;939 Pts;
Classement Mixte;56;BERGER;Tristan;1964;FRA;SN GOLFE-IMAGINAIRE;934 Pts;
Classement Mixte;57;PREVOST;Madeleine;1955;FRA;AS MONT-PLONGEON;933 Pts;
Classement Mixte;57;DUMONT;Margaux;1980;FRA;ES BOIS-DAUPHIN;933 Pts;
Classement Mixte;59;MENARD;Denis;1986;FRA;EN LES BAINS-FICTIFS;932 Pts;
Classement Mixte;59;DUFOUR;Gabrielle;1990;FRA;AS CÔTE-ÉCUME;932 Pts;
Classement Mixte;61;MOULIN;Martin;1971;FRA;AS CÔTE-ÉCUME;931 Pts;
Classement Mixte;62;BOUCHET;Vincent;1979;FRA;AS CHERBOURG NATATION;929 Pts;
Classement Mixte;63;CLEMENT;Bastien;1965;FRA;EN LES BAINS-FICTIFS;928 Pts;
Classement Mixte;64;FABRE;Félix;1969;FRA;AS CÔTE-ÉCUME;925 Pts;
Classement Mixte;64;PERRIN;Henri;1965;FRA;AS CÔTE-ÉCUME;925 Pts;
Classement Mixte;66;ADAM;Jeanne;1977;FRA;AS MONT-PLONGEON;924 Pts;
Classement Mixte;67;FAURE;Basile;1969;FRA;ES BOIS-DAUPHIN;922 Pts;
Classement Mixte;68;GIRAUD;Anouk;1996;FRA;SN GOLFE-IMAGINAIRE;918 Pts;
Classement Mixte;69;LECLERC;Alice;1965;FRA;SN GRAND-LARGE;916 Pts;
Classement Mixte;70;MOREL;Basile;1975;FRA;AS MONT-PLONGEON;914 Pts;
Classement Mixte;71;MAILLARD;Colette;1970;FRA;CS RIVIÈRE-CALME;908 Pts;
Classement Mixte;71;FONTAINE;Gustave;1954;FRA;ES GRÈVE-DOUCE;908 Pts;
Classement Mixte;73;PICARD;Agathe;1977;FRA;SN GOLFE-IMAGINAIRE;905 Pts;
Classement Mixte;74;WEBER;Pénélope;1988;FRA;CS CLAIRVAGUE;900 Pts;
Classement Mixte;75;CORDIER;Albert;1958;FRA;ES BOIS-DAUPHIN;899 Pts;
Classement Mixte;76;MOREL;Hervé;1993;FRA;AS CHERBOURG NATATION;898 Pts;
Classement Mixte;77;HUBERT;Gauthier;1990;FRA;AS CHERBOURG NATATION;897 Pts;
Classement Mixte;78;HUET;Martine;1971;FRA;EN ÎLE-FICTIVE;896 Pts;
Classement Mixte;79;PERRIN;Jade;1987;FRA;AS MONT-PLONGEON;889 Pts;
Classement Mixte;80;CHAUVIN;Gauthier;1959;FRA;ES BASSIN-NEUF;888 Pts;
Classement Mixte;80;BRUNET;Tristan;1964;FRA;AS CHERBOURG NATATION;888 Pts;
Classement Mixte;82;LEROUX;Cécile;1984;FRA;CS CLAIRVAGUE;882 Pts;
Classement Mixte;83;BOURGEOIS;Jules;1996;FRA;SN DUNE-BLANCHE;881 Pts;
Classement Mixte;84;LECLERC;Gauthier;1996;FRA;ES BASSIN-NEUF;880 Pts;
Classement Mixte;85;FLEURY;Albert;1993;FRA;AS CHERBOURG NATATION;877 Pts;
Classement Mixte;86;PASQUIER;Isabelle;1997;FRA;AS MONT-PLONGEON;876 Pts;
Classement Mixte;87;LECOMTE;Zacharie;1979;FRA;EN LES BAINS-FICTIFS;873 Pts;
Classement Mixte;88;GIRAUD;Mathilde;1960;FRA;SN DUNE-BLANCHE;872 Pts;
Classement Mixte;88;RIVIERE;Jules;1990;FRA;AS CHERBOURG NATATION;872 Pts;
Classement Mixte;90;CHAUVIN;Émile;1946;FRA;ES SAINT-GLOUGLOU;869 Pts;
Classement Mixte;91;JOLY;Anouk;1977;FRA;EN LES BAINS-FICTIFS;862 Pts;
Classement Mixte;92;ROLLAND;Jeanne;1964;FRA;CS PRÉ-BASSIN;855 Pts;
Classement Mixte;93;LAMY;Édouard;1945;FRA;SN LAC-TRANQUILLE;853 Pts;
Classement Mixte;94;LEMAIRE;Benjamin;1996;FRA;EN PORT-MARÉE;852 Pts;
Classement Mixte;95;GAUTIER;Martin;1941;FRA;ES BOIS-DAUPHIN;847 Pts;
Classement Mixte;96;ADAM;Marcel;1963;FRA;AS CHERBOURG NATATION;845 Pts;
Classement Mixte;96;GAILLARD;Léon;1945;FRA;AS CÔTE-ÉCUME;845 Pts;
Classement Mixte;98;GERMAIN;Armand;1992;FRA;CS PRÉ-BASSIN;843 Pts;
Classement Mixte;99;JACQUET;Noël;1966;FRA;ES GRÈVE-DOUCE;842 Pts;
Classement Mixte;100;LEROUX;Gérard;1944;FRA;ES BOIS-DAUPHIN;841 Pts;
Classement Mixte;101;PERRIN;Anouk;1997;FRA;ES BASSIN-NEUF;840 Pts;
Classement Mixte;102;JOLY;Manon;1947;FRA;CN ÉCLUSE-NEUVE;839 Pts;
Classement Mixte;103;BLANCHARD;William;1988;FRA;AS BELLE-BRASSE;834 Pts;
Classement Mixte;103;MOULIN;Hortense;1977;FRA;AS MONT-PLONGEON;834 Pts;
Classement Mixte;105;FONTAINE;Raphaël;1971;FRA;AS CÔTE-ÉCUME;832 Pts;
Classement Mixte;106;BARRE;Yvette;1992;FRA;CS PRÉ-BASSIN;827 Pts;
Classement Mixte;107;MONNIER;Louise;1994;FRA;ES BASSIN-NEUF;826 Pts;
Classement Mixte;108;MONNIER;Amandine;1987;FRA;AS MONT-PLONGEON;825 Pts;
Classement Mixte;109;BLANCHARD;Marcel;1965;FRA;SN GRAND-LARGE;824 Pts;
Classement Mixte;110;BARBIER;Amaury;1999;FRA;ES BOIS-DAUPHIN;818 Pts;
Classement Mixte;111;GAUTIER;Isabelle;1998;FRA;ES BASSIN-NEUF;817 Pts;
Classement Mixte;112;DUMONT;Joséphine;1981;FRA;AS MONT-PLONGEON;810 Pts;
Classement Mixte;112;LAMY;Martin;1982;FRA;AS MARAIS-SALANT-FICTIF;810 Pts;
Classement Mixte;112;DUPUY;Flora;1973;FRA;SN GRAND-LARGE;810 Pts;
Classement Mixte;115;GAUTIER;Hervé;1964;FRA;AS CHERBOURG NATATION;808 Pts;
Classement Mixte;115;CLEMENT;Amandine;1965;FRA;ES BASSIN-NEUF;808 Pts;
Classement Mixte;117;HAMON;Madeleine;1979;FRA;CS PRÉ-BASSIN;805 Pts;
Classement Mixte;118;CHEVALIER;Bérénice;1991;FRA;ES BOIS-DAUPHIN;804 Pts;
Classement Mixte;119;DUVAL;Étienne;1965;FRA;US PLAGE-FICTIVE;803 Pts;
Classement Mixte;119;GAUTIER;Gabrielle;1971;FRA;CS CLAIRVAGUE;803 Pts;
Classement Mixte;119;LEBLANC;Alice;1983;FRA;AS CHERBOURG NATATION;803 Pts;
Classement Mixte;122;POULAIN;Martin;1972;FRA;US PHARE-SUR-VAGUE;802 Pts;
Classement Mixte;123;MERCIER;Jeanne;1979;FRA;CS PRÉ-BASSIN;800 Pts;
Classement Mixte;124;BRETON;Léon;1967;FRA;ES BOIS-DAUPHIN;798 Pts;
Classement Mixte;125;RENAUD;Bastien;1967;FRA;AS MONT-PLONGEON;786 Pts;
Classement Mixte;126;GAILLARD;Inès;1985;FRA;US CAP-CRAWL;773 Pts;
Classement Mixte;127;CHEVALIER;Bertrand;1996;FRA;EN LES BAINS-FICTIFS;769 Pts;
Classement Mixte;128;FLEURY;Isabelle;1988;FRA;ES BOIS-DAUPHIN;765 Pts;
Classement Mixte;129;PERRIN;Valentin;1984;FRA;EN LES BAINS-FICTIFS;760 Pts;
Classement Mixte;130;LAMY;Alice;1960;FRA;SN GOLFE-IMAGINAIRE;749 Pts;
Classement Mixte;131;LEMAIRE;Diane;1967;FRA;EN RADE-FICTIVE;722 Pts;
Classement Mixte;132;ROYER;Joséphine;1988;FRA;EN LES BAINS-FICTIFS;721 Pts;
Classement Mixte;133;JOLY;Valentin;1973;FRA;AS CÔTE-ÉCUME;719 Pts;
Classement Mixte;134;BARRE;Tristan;1962;FRA;ES BOIS-DAUPHIN;715 Pts;
Classement Mixte;135;COUSIN;Juliette;1964;FRA;AS CHERBOURG NATATION;714 Pts;
Classement Mixte;136;PREVOST;Simon;1992;FRA;CN MAREVAL;713 Pts;
Classement Mixte;137;GILLET;Mathis;1996;FRA;AS CHERBOURG NATATION;704 Pts;
Classement Mixte;138;REYNAUD;Thérèse;1985;FRA;AS MARAIS-SALANT-FICTIF;697 Pts;
Classement Mixte;138;CARPENTIER;Gauthier;1955;FRA;SN ANSE-BLEUE;697 Pts;
Classement Mixte;140;RIVIERE;Tristan;1964;FRA;CS PRÉ-BASSIN;693 Pts;
Classement Mixte;141;FABRE;William;1986;FRA;EN PONT-GALET;691 Pts;
Classement Mixte;142;HAMON;Manon;1968;FRA;AS BELLE-BRASSE;687 Pts;
Classement Mixte;143;LACROIX;Juliette;1992;FRA;AS MARAIS-SALANT-FICTIF;675 Pts;
Classement Mixte;144;FONTAINE;Paul;1976;FRA;ES BASSIN-NEUF;674 Pts;
Classement Mixte;144;PERROT;Tristan;1955;FRA;CS CLAIRVAGUE;674 Pts;
Classement Mixte;146;WEBER;Zacharie;1966;FRA;AS MONT-PLONGEON;673 Pts;
Classement Mixte;146;LANGLOIS;Madeleine;1961;FRA;CS CLAIRVAGUE;673 Pts;
Classement Mixte;148;MILLET;Léon;1974;FRA;CS FONTAINE-PAPILLON;672 Pts;
Classement Mixte;149;MENARD;Fernand;1976;FRA;US SAINT-PLOUF;669 Pts;
Classement Mixte;150;BERGER;Pénélope;1980;FRA;AS MONT-PLONGEON;668 Pts;
Classement Mixte;150;GUYOT;Jules;1992;FRA;US SAINT-PLOUF;668 Pts;
Classement Mixte;152;GIRAUD;Inès;1986;FRA;EN LES BAINS-FICTIFS;665 Pts;
Classement Mixte;153;FAURE;Solène;1983;FRA;CS PRÉ-BASSIN;664 Pts;
Classement Mixte;154;HUMBERT;Joséphine;1953;FRA;AS CHERBOURG NATATION;662 Pts;
Classement Mixte;155;CORDIER;Denis;1960;FRA;CN HAUTE-VAGUE;658 Pts;
Classement Mixte;156;GIRARD;Yann;1946;FRA;US POINTE-CORAIL;656 Pts;
Classement Mixte;157;ADAM;Louis;1969;FRA;EN LES BAINS-FICTIFS;655 Pts;
Classement Mixte;158;BARBIER;Benjamin;1965;FRA;SN GRAND-LARGE;652 Pts;
Classement Mixte;158;MEUNIER;Diane;1967;FRA;CN RUISSEAU-CLAIR;652 Pts;
Classement Mixte;160;CARON;Alice;1961;FRA;CS CLAIRVAGUE;645 Pts;
Classement Mixte;161;GILBERT;Victoire;1981;FRA;EN LES BAINS-FICTIFS;643 Pts;
Classement Mixte;162;LEROUX;Martin;1984;FRA;AS CHERBOURG NATATION;639 Pts;
Classement Mixte;163;RENAUD;Samuel;1988;FRA;ES BASSIN-NEUF;630 Pts;
Classement Mixte;163;GUILLOT;Pascal;1981;FRA;EN LES BAINS-FICTIFS;630 Pts;
Classement Mixte;165;MASSON;Célia;1998;FRA;ES BASSIN-NEUF;629 Pts;
Classement Mixte;166;RIVIERE;Anouk;1963;FRA;CS RIVIÈRE-CALME;628 Pts;
Classement Mixte;167;DUFOUR;Armand;1957;FRA;AS CHERBOURG NATATION;624 Pts;
Classement Mixte;168;BERTIN;Marcel;1971;FRA;ES ROCHE-ÉCUME;623 Pts;
Classement Mixte;168;HUMBERT;Charles;1987;FRA;AS CÔTE-ÉCUME;623 Pts;
Classement Mixte;170;FAURE;Gabrielle;1962;FRA;CS CLAIRVAGUE;618 Pts;
Classement Mixte;170;BARON;Gustave;1985;FRA;CS FONTAINE-PAPILLON;618 Pts;
Classement Mixte;172;LEJEUNE;Louise;1976;FRA;CS CLAIRVAGUE;617 Pts;
Classement Mixte;173;LEMAIRE;Flora;1966;FRA;CS PRÉ-BASSIN;609 Pts;
Classement Mixte;174;GARNIER;Yann;1963;FRA;CS PRÉ-BASSIN;608 Pts;
Classement Mixte;175;LACROIX;Mathilde;1961;FRA;CS CLAIRVAGUE;595 Pts;
Classement Mixte;175;GUICHARD;Adrien;1979;FRA;ES BOIS-DAUPHIN;595 Pts;
Classement Mixte;177;REYNAUD;Agathe;1958;FRA;AS CHERBOURG NATATION;589 Pts;
Classement Mixte;178;GUILLOT;Mathis;1985;FRA;CS FONTAINE-PAPILLON;587 Pts;
Classement Mixte;179;BOURGEOIS;Amaury;1971;FRA;AS CHERBOURG NATATION;586 Pts;
Classement Mixte;180;GAUTIER;Eugénie;1974;FRA;AS MONT-PLONGEON;578 Pts;
Classement Mixte;181;JOLY;Gustave;1988;FRA;AS MARAIS-SALANT-FICTIF;567 Pts;
Classement Mixte;182;REYNAUD;Gaspard;1959;FRA;CS VILLE-EXEMPLE;561 Pts;
Classement Mixte;183;LANGLOIS;Paul;1964;FRA;AS BELLE-BRASSE;553 Pts;
Classement Mixte;184;GILLET;Augustin;1981;FRA;CS PRÉ-BASSIN;530 Pts;
Classement Mixte;185;PERRET;Louis;1980;FRA;CS PRÉ-BASSIN;521 Pts;
Classement Mixte;186;PASQUIER;Salomé;1994;FRA;AS CHERBOURG NATATION;515 Pts;
Classement Mixte;187;CARON;Émile;1972;FRA;AS MONT-PLONGEON;510 Pts;
Classement Mixte;188;FONTAINE;Pascal;1966;FRA;AS CHERBOURG NATATION;501 Pts;
Classement Mixte;189;BOYER;Félix;1974;FRA;AS CHERBOURG NATATION;496 Pts;
Classement Mixte;189;JACQUET;Diane;1989;FRA;AS CHERBOURG NATATION;496 Pts;
Classement Mixte;189;BARBIER;Agathe;1960;FRA;CS PRÉ-BASSIN;496 Pts;
Classement Mixte;192;DUPUY;Eugénie;1947;FRA;CS PRÉ-BASSIN;494 Pts;
Classement Mixte;193;LEBLANC;Suzanne;1963;FRA;ES BOIS-DAUPHIN;474 Pts;
Classement Mixte;194;PICHON;Chloé;1992;FRA;AS CHERBOURG NATATION;472 Pts;
Classement Mixte;195;CARRE;Manon;1961;FRA;EN LES BAINS-FICTIFS;452 Pts;
Classement Mixte;196;MARCHAL;Isabelle;1964;FRA;AS CHERBOURG NATATION;438 Pts;
Classement Mixte;197;REYNAUD;Martine;1962;FRA;AS MONT-PLONGEON;436 Pts;
Classement Mixte;198;PERROT;Yvette;1976;FRA;US SAINT-PLOUF;425 Pts;
Classement Mixte;199;PASQUIER;Pénélope;1958;FRA;CS CLAIRVAGUE;415 Pts;
Classement Mixte;200;VIDAL;Flora;1992;FRA;EN LES BAINS-FICTIFS;411 Pts;
Classement Mixte;201;BRETON;Danielle;1966;FRA;AS CHERBOURG NATATION;382 Pts;
Classement Mixte;202;HUMBERT;Alice;1982;FRA;AS MARAIS-SALANT-FICTIF;347 Pts;
Classement Mixte;203;BOULANGER;Flora;1995;FRA;AS BELLE-BRASSE;341 Pts;
Classement Mixte;204;HUMBERT;Inès;1977;FRA;AS CHERBOURG NATATION;326 Pts;
Classement Mixte;205;CARRE;Capucine;1977;FRA;CS CLAIRVAGUE;305 Pts;
Classement Mixte;206;DELAUNAY;Damien;1997;FRA;AS CHERBOURG NATATION;288 Pts;
Classement Mixte;207;BARRE;Cyril;1975;FRA;US CAP-CRAWL;272 Pts;
Classement Mixte;208;MALLET;Raphaël;1959;FRA;AS CHERBOURG NATATION;233 Pts;
Classement Mixte;209;GAILLARD;Gabrielle;1973;FRA;AS MONT-PLONGEON;209 Pts;
Classement Mixte;210;CARON;Adrien;1973;FRA;EN VAL-FICTIF;133 Pts;
Classement Mixte;211;FAURE;Valentin;1955;FRA;AS CHERBOURG NATATION;46 Pts;
